SECUCODE,SECURITY_CODE,INDUSTRY_CODE,ORG_CODE,SECURITY_NAME_ABBR,INDUSTRY_NAME,MARKET,SECURITY_TYPE_CODE,TRADE_MARKET_CODE,DATE_TYPE_CODE,REPORT_TYPE_CODE,DATA_STATE,NOTICE_DATE,REPORT_DATE,TOTAL_ASSETS,FIXED_ASSET,MONETARYFUNDS,MONETARYFUNDS_RATIO,ACCOUNTS_RECE,ACCOUNTS_RECE_RATIO,INVENTORY,INVENTORY_RATIO,TOTAL_LIABILITIES,ACCOUNTS_PAYABLE,ACCOUNTS_PAYABLE_RATIO,ADVANCE_RECEIVABLES,ADVANCE_RECEIVABLES_RATIO,TOTAL_EQUITY,TOTAL_EQUITY_RATIO,TOTAL_ASSETS_RATIO,TOTAL_LIAB_RATIO,CURRENT_RATIO,DEBT_ASSET_RATIO,CASH_DEPOSIT_PBC,CDP_RATIO,LOAN_ADVANCE,LOAN_ADVANCE_RATIO,AVAILABLE_SALE_FINASSET,ASF_RATIO,LOAN_PBC,LOAN_PBC_RATIO,ACCEPT_DEPOSIT,ACCEPT_DEPOSIT_RATIO,SELL_REPO_FINASSET,SRF_RATIO,SETTLE_EXCESS_RESERVE,SER_RATIO,BORROW_FUND,BORROW_FUND_RATIO,AGENT_TRADE_SECURITY,ATS_RATIO,PREMIUM_RECE,PREMIUM_RECE_RATIO,SHORT_LOAN,SHORT_LOAN_RATIO,ADVANCE_PREMIUM,ADVANCE_PREMIUM_RATIO
300226.SZ,300226,016014,10176326,上海钢联,电子信息,cyb,058001001,069001002002,002,001,2,2020-09-17 00:00:00,2019-06-30 00:00:00,9704969818.44,191540441.18,608303952.44,71.1646268296,2160085022.49,33.1056030406,1455855860.75,-53.0538904335,7071258173.79,79621870.17,25.0244254257,3735554531.8,-18.7462203038,2633711644.65,14.1616260003,2.9879564667,-0.6343362694,131.9132037937,72.8622376584,,,,,,,,,,,,,,,,,,,,,,,,
688179.SH,688179,016040,10399885,阿拉丁,材料行业,kcb,058001001,069001001006,002,001,2,2020-08-28 00:00:00,2019-06-30 00:00:00,344029058.44,114964180.6,41760222.08,-14.7625594835,18737265.9,,83012239.81,26.3590075787,33520814.21,9332091.97,,9216722.23,11.1460825495,310508244.23,4.8379884822,1.0961727328,-24.0229610688,527.6095246017,9.7435996721,,,,,,,,,,,,,,,,,,,,,,,,
300682.SZ,300682,016057,10428356,朗新科技,软件服务,cyb,058001001,069001002002,002,001,2,2020-08-27 00:00:00,2019-06-30 00:00:00,5138466296.8,43309841.57,1523361769.07,249.6398963322,1317272940.52,139.6156654362,525078331.13,206.5831853457,1053866024.13,322220909.11,360.3017250209,151968635.27,88.3109188236,4084600272.67,273.0386616201,244.9959881868,167.1571242483,360.5759194093,20.5093497409,,,,,,,,,,,,,,,,,,,,,,,,
002366.SZ,002366,016043,10135329,台海核电,机械行业,zxb,058001001,069001002003,002,001,2,2020-08-21 00:00:00,2019-06-30 00:00:00,6947726777.07,2179719301.03,116679671.24,-60.3015753356,1046674178.71,36.3689298087,2208941095.87,-30.6763520248,3887020254.52,208609852.14,-22.7295023747,122807543.63,-44.0986020934,3060706522.55,-7.6946677726,-12.4460596671,-15.8565684146,113.4783759306,55.9466481519,,,,,,,,,,,,,,,,,,,,,,,,
600080.SH,600080,016024,10002304,ST金花,医药制造,shzb,058001001,069001001003,002,001,2,2020-08-01 00:00:00,2019-06-30 00:00:00,1974387319.16,351354887.12,362947221.51,-43.3152408514,163595029.29,-2.8398717288,46375264.98,-2.9941774336,193285484.91,40413590.48,-12.0852176214,5151956.25,18.3789836127,1781101834.25,1.564796293,-3.9583717954,-36.0196670785,477.3755886778,9.789643756,,,,,,,,,,,,,,,,,,,,,,,,
002535.SZ,002535,016043,10166025,*ST林重,机械行业,zxb,058001001,069001002005,002,001,2,2020-07-11 00:00:00,2019-06-30 00:00:00,7882226415.7,2001008892.57,1707552280.06,76.1354458654,804236795.88,-6.42677226,667230499.26,-23.4391659756,5068249449.54,428154534.84,-14.5006937045,91893460.17,-68.3739456686,2813976966.16,-7.654376764,1.0490366134,6.6287266525,102.5835243313,64.2997191687,,,,,,,,,,,,,,,,,,,,,,,,
300367.SZ,300367,016055,10119362,ST网力,安防设备,cyb,058001001,069001002005,002,001,2,2020-07-06 00:00:00,2019-06-30 00:00:00,7144906612.3,280377742.73,527328747.97,-22.0601888807,2559475650.85,6.4596192887,213238564.82,-43.0271307704,3258530041.02,516666176.81,18.9316324992,7692038.95,-35.1978191969,3886376571.28,1.5716764813,4.6021874053,8.4617951709,160.9011246586,45.6063349437,,,,,,,,,,,,,,,,,,,,,,,,
000796.SZ,000796,016038,10005696,凯撒旅业,旅游酒店,szzb,058001001,069001002001,002,001,2,2020-06-30 00:00:00,2019-06-30 00:00:00,5896920937.05,216995200.24,1245650109.08,-44.9548787434,1042357170.76,-7.5365229314,12090311.19,-23.7771278392,3464838331.85,834412578.37,-10.3309171145,700731691.03,-3.7530551992,2432082605.2,5.8906403904,-5.8085426263,-12.5875571396,168.6448784186,58.7567370978,,,,,,,,,,,,,,,,,,,,,,,,
000980.SZ,000980,016035,10005834,*ST众泰,汽车行业,szzb,058001001,069001002005,002,001,2,2020-06-24 00:00:00,2019-06-30 00:00:00,30531119005.25,3911193904.34,3116988603.32,-21.6512105199,5639726399.78,7.1077210004,2649834804.12,-7.3027913899,13241295764.41,4816277832.76,-18.376180261,953760972.56,-3.585981074,17289823240.84,1.21119027,-3.5546695904,-9.1411713051,121.1550460291,43.3698344372,,,,,,,,,,,,,,,,,,,,,,,,
002575.SZ,002575,016060,10156642,*ST群兴,文教休闲,zxb,058001001,069001002005,002,001,2,2020-06-23 00:00:00,2019-06-30 00:00:00,898658381.63,95618.49,165704246.83,-21.0310785767,1083000,-95.0505877733,,,39319440.39,270043,-8.7920310168,265000,,859338941.24,-3.9947322921,-0.5314370396,370.0984534675,837.1144685375,4.3753489862,,,,,,,,,,,,,,,,,,,,,,,,
002684.SZ,002684,016022,10201014,*ST猛狮,电子元件,zxb,058001001,069001002005,002,001,2,2020-06-20 00:00:00,2019-06-30 00:00:00,7405794930.37,2253172698.3,101020896.61,-58.6896193359,1459272798.88,-52.9298658359,793495481.47,-15.2961813644,7926516621.95,1404944494.99,-18.9836412326,214819105.46,20.1910240614,-520721691.58,-121.3348777525,-29.8530627564,-2.3447895834,44.2103243624,107.0312734349,,,,,,,,,,,,,,,,,,,,,,,,
002450.SZ,002450,016040,10123790,*ST康得,材料行业,zxb,058001001,069001002005,002,001,2,2020-06-19 00:00:00,2019-06-30 00:00:00,32633095454.17,3662146812.68,14207018705.17,-15.3392405568,4253486934.33,-33.8805717363,524315476.82,-24.3177488833,15136906061.42,1842148581.48,38.954398603,35264439.43,18.9144075163,17496189392.75,-10.6035721083,-11.0320854361,-11.5222979108,206.3627658509,46.3851370848,,,,,,,,,,,,,,,,,,,,,,,,
600671.SH,600671,016024,10003981,*ST目药,医药制造,shzb,058001001,069001001003,002,001,2,2020-06-12 00:00:00,2019-06-30 00:00:00,524755625.09,123690625.48,24210678.42,69.917313604,60167009.79,-4.26141844,60340514.88,-4.5071666801,431209186.15,43877742.42,-7.1876981105,8089039.82,262.4643930001,93546438.94,-12.6421319763,17.1452824512,26.5030216223,80.924454087,82.173332792,,,,,,,,,,,,,,,,,,,,,,,,
300233.SZ,300233,016024,10120825,金城医药,医药制造,cyb,058001001,069001002002,002,001,2,2020-06-11 00:00:00,2019-06-30 00:00:00,5469994212.63,1144143819.67,812387921.04,32.122000472,671638014.54,4.1051804668,317330641.38,8.4193926709,1178231924.09,220697961.79,-10.4831236275,18729265.5,-17.1197747998,4291762288.54,7.1556418942,9.7815393854,20.5413234331,217.4006312589,21.5399117127,,,,,,,,,,,,,,,,,,,,,,,,
300055.SZ,300055,016048,10138731,万邦达,环保工程,cyb,058001001,069001002002,002,001,2,2020-06-05 00:00:00,2019-06-30 00:00:00,7595243271.66,722469703.19,677513883.17,-16.7672519851,1183201785.95,9.4875374762,660224031.96,-33.8116617757,1760045922.6,575352168.94,-14.5923591182,66552517.35,42.1829268644,5835197349.06,-3.445538383,-2.5586682157,0.5018379077,256.0021684697,23.1730026235,,,,,,,,,,,,,,,,,,,,,,,,
000586.SZ,000586,016015,10005527,汇源通信,通讯行业,szzb,058001001,069001002001,002,001,2,2020-06-05 00:00:00,2019-06-30 00:00:00,597436271.56,44087022.66,100653975.56,3.8546301879,242117923.02,20.46182836,109331204.32,-1.4225110273,332118456.99,143234340.53,48.4359721644,1584004.83,-56.1908272186,265317814.57,3.7013768166,10.0610310836,15.7308820985,165.633071966,55.5906082037,,,,,,,,,,,,,,,,,,,,,,,,
300270.SZ,300270,016055,10173933,中威电子,安防设备,cyb,058001001,069001002002,002,001,2,2020-05-23 00:00:00,2019-06-30 00:00:00,1383574245.69,250047582.22,48476297.73,-88.4730345449,432883862.29,30.668646812,117100360.91,9.4864029824,349296312.06,185981667.6,-10.2394576041,4681823.93,1.2594826167,1034277933.63,-3.4078526405,-10.2899281649,-25.9188371734,270.3767047836,25.2459391426,,,,,,,,,,,,,,,,,,,,,,,,
300094.SZ,300094,016009,10129025,国联水产,农牧饲渔,cyb,058001001,069001002002,002,001,2,2020-05-22 00:00:00,2019-06-30 00:00:00,5410277981.99,430702851.62,458497039.07,75.8761790081,684704257.39,-9.907489385,2595235068.47,29.9889209282,2604149776,360295445.53,89.5993214716,131699524.08,168.5697134794,2806128205.99,33.0554062518,28.5935747166,24.1089580837,232.0896837415,48.1333821417,,,,,,,,,,,,,,,,,,,,,,,,
300300.SZ,300300,016057,10193022,汉鼎宇佑,软件服务,cyb,058001001,069001002002,002,001,2,2020-05-20 00:00:00,2019-06-30 00:00:00,3458477255.96,227076063.45,143045100.2,-63.7552196325,167218636.9,-42.0648039736,508282918.39,0.0082541969,989339673.6,286342829.82,-17.6003913818,40412307.64,-15.3162205581,2469137582.36,11.5660590224,1.4801736226,-17.2010960436,129.8301799842,28.606221767,,,,,,,,,,,,,,,,,,,,,,,,
605166.SH,605166,016041,10528523,聚合顺,化工行业,shzb,058001001,069001001001,002,001,2,2020-05-08 00:00:00,2019-06-30 00:00:00,1155043057.19,393420647.54,167236144.06,,63754645.89,,145504722.21,,647797470.77,104179253.04,,46111374.58,,507245586.42,,,,96.5670917417,56.0842703428,,,,,,,,,,,,,,,,,,,,,,,,
600064.SH,600064,016017,10002288,南京高科,房地产,shzb,058001001,069001001001,002,001,2,2020-04-30 00:00:00,2019-06-30 00:00:00,30061724993.38,359419373.46,2843674846.56,131.3252033223,803011416.02,-2.8655600603,9920544776.13,10.0610739595,18135200963.72,2738237426.71,13.2778259253,4796559942.61,45.3122502653,11926524029.66,8.2818608169,16.2554062374,22.1718168788,110.5426353301,60.3265480198,,,,,,,,,,,,,,,,,,,,,,,,
300353.SZ,300353,016015,10122896,东土科技,通讯行业,cyb,058001001,069001002002,002,001,2,2020-04-29 00:00:00,2019-06-30 00:00:00,3706367924.91,143264531.19,345667123.96,44.756110061,806139515.16,23.0299415582,163569635.73,7.5044088107,1301882152.42,200165021.93,41.1660761654,28598738.91,-10.3123044951,2404485772.49,9.3566675824,22.9402091153,59.5410137596,260.683978895,35.1255509112,,,,,,,,,,,,,,,,,,,,,,,,
300203.SZ,300203,016021,10163068,聚光科技,仪器仪表,cyb,058001001,069001002002,002,001,2,2020-04-29 00:00:00,2019-06-30 00:00:00,8444873061.31,618343172.83,752886816.62,-1.8006085317,1985044611,8.2617952405,1339720432.09,25.021165488,4493654117.06,648050302.32,34.6047433232,564236418.7,22.1857681462,3951218944.25,10.0097749576,23.0968499811,37.4773476047,158.2798793293,53.2116241942,,,,,,,,,,,,,,,,,,,,,,,,
002499.SZ,002499,016020,10142700,*ST科林,输配电气,zxb,058001001,069001002005,002,001,2,2020-04-29 00:00:00,2019-06-30 00:00:00,1127981116.23,189182123.98,1754894.95,-98.0453688208,648158593.75,-2.5904366609,5731448.28,-97.1402121771,974823927.76,209208990,117.4261733017,123000,-21.4559386973,153157188.47,-80.0526583309,-38.7093593834,-9.1135272996,136.3168828697,86.4220077565,,,,,,,,,,,,,,,,,,,,,,,,
000971.SZ,000971,016014,10005826,*ST高升,电子信息,szzb,058001001,069001002005,002,001,2,2020-04-29 00:00:00,2019-06-30 00:00:00,3297841624.68,398823801.01,529704280.7,-4.0092336265,518430271.98,72.8811974918,74257884.11,,1473564015.12,143209627.21,15.4410728671,82266418.33,1104.6343104673,1824277609.56,-50.8721400238,-16.2745024665,553.326990065,200.1715540491,44.6826798501,,,,,,,,,,,,,,,,,,,,,,,,
000802.SZ,000802,016039,10005702,北京文化,文化传媒,szzb,058001001,069001002001,002,001,2,2020-04-29 00:00:00,2019-06-30 00:00:00,6381447490.69,3107060.04,218424973.57,-68.122363947,96279871.48,-84.2515041659,1277633387.39,106.3209528002,1578435076.43,363259923.91,48.7063651919,676337255.74,134.4223630457,4803012414.26,-0.4962090793,17.4298635628,159.9108552148,260.1743853235,24.7347498939,,,,,,,,,,,,,,,,,,,,,,,,
002267.SZ,002267,016006,10038318,陕天然气,公用事业,zxb,058001001,069001002003,002,001,2,2020-04-28 00:00:00,2019-06-30 00:00:00,11881832468.58,7258170658.05,939441387.73,-33.9761264215,534216482.18,-37.0237841162,148484074.85,-0.5846414806,5941064890.86,1607981110.66,-9.9736915527,337063955.66,17.2195835181,5940767577.72,2.5423731561,2.837415545,3.1341457749,35.7292123344,50.0012511249,,,,,,,,,,,,,,,,,,,,,,,,
002255.SZ,002255,016043,10125361,*ST海陆,机械行业,zxb,058001001,069001002005,002,001,2,2020-04-28 00:00:00,2019-06-30 00:00:00,7543440133.44,1241741454.32,466437715.99,-31.2117469707,1959923843.22,4.2888190561,928297828.49,-28.0286412196,3472506093.34,614051032.73,-13.2657943454,803395730.27,5.8027315437,4070934040.1,-5.0979723385,1.6569646917,10.9119376713,168.1571231424,46.0334546561,,,,,,,,,,,,,,,,,,,,,,,,
300324.SZ,300324,016057,10197802,旋极信息,软件服务,cyb,058001001,069001002002,002,001,2,2020-04-25 00:00:00,2019-06-30 00:00:00,7677703558.17,356141698.04,2218644245.29,18.4736823448,1172477782.76,9.622896879,997407556.08,16.2975467071,2511453095.33,851346830.63,3.8780731528,455062127.39,3.2402743283,5166250462.84,-1.8895417249,2.1166443401,11.4807446736,202.6066434458,32.7109932847,,,,,,,,,,,,,,,,,,,,,,,,
300056.SZ,300056,016048,10138730,中创环保,环保工程,cyb,058001001,069001002002,002,001,2,2020-04-22 00:00:00,2019-06-30 00:00:00,2764383261.47,401843085.88,165832430.25,-27.2388692313,381687469.75,-31.0270109456,1021335954.21,125.3164104287,1827438545.1,382732544.95,27.3479333643,1029620826.18,148.0569911475,936944716.37,-31.5401382042,3.6616625241,40.7744862219,105.500306839,66.1065551427,,,,,,,,,,,,,,,,,,,,,,,,
600877.SH,600877,016022,10004321,ST电能,电子元件,shzb,058001001,069001001003,002,001,2,2020-04-11 00:00:00,2019-06-30 00:00:00,403347326.91,67706698.25,90897446.86,-11.6402516426,73515977.42,-21.3294417756,139394827.99,136.7028404592,140857037.39,78616508.44,-52.599784909,7479990.12,-91.2589783663,262490289.52,267.4121740891,-61.0649201831,-88.1904778301,231.3435313266,34.9220207976,,,,,,,,,,,,,,,,,,,,,,,,
300234.SZ,300234,016040,10165016,开尔新材,材料行业,cyb,058001001,069001002002,002,001,2,2020-04-07 00:00:00,2019-06-30 00:00:00,1218374419.07,220396785.99,76104251.41,-11.7765793624,226640748.68,-5.2499568292,184416969.64,-5.1384330608,317671208.06,64795951.1,-16.9270943305,100218494.14,30.6275540475,900703211.01,-10.0858078408,2.1140538188,65.9601468034,230.4290379063,26.0733648941,,,,,,,,,,,,,,,,,,,,,,,,
002166.SZ,002166,016024,10084958,莱茵生物,医药制造,zxb,058001001,069001002003,002,001,2,2020-04-03 00:00:00,2019-06-30 00:00:00,2585943183.9,553841392.87,373105809.43,2141.1177366854,105574685.28,26.3426513584,1071844991.42,-32.5340043453,863663389.44,308124374.42,-18.0223717723,1947111.15,-99.7293916433,1722279794.46,56.4136410762,-0.9396198995,-42.7797172195,228.0116573253,33.3983899885,,,,,,,,,,,,,,,,,,,,,,,,
600717.SH,600717,016016,10004027,天津港,港口水运,shzb,058001001,069001001001,002,001,2,2020-03-25 00:00:00,2019-06-30 00:00:00,36076343294.39,15501182037.02,5042276356.41,-20.8925604399,1762084775.06,3.8762761502,232865594.96,38.3352770434,14311492772.96,2098600924.44,25.1141470753,901974125.22,7.1198302912,21764850521.43,5.1048186788,0.4479365288,-5.8931627303,94.0164515563,39.670020479,,,,,,,,,,,,,,,,,,,,,,,,
003003.SZ,003003,016025,10498250,天元股份,造纸印刷,zxb,058001001,069001002003,002,001,2,2020-03-16 00:00:00,2019-06-30 00:00:00,867958895.97,172160637.06,87992491.27,-55.3603009698,217333127.46,,150128346.98,-8.4752821538,169257896.08,122350671.25,,4578484.37,5.211286666,698700999.89,12.8435949564,5.4348636789,-17.0473723712,330.8201411635,19.5006810652,,,,,,,,,,,,,,,,,,,,,,,,
603822.SH,603822,016041,10167784,嘉澳环保,化工行业,shzb,058001001,069001001001,002,001,2,2020-03-05 00:00:00,2019-06-30 00:00:00,1496168384.63,282773414.1,211230047.01,-11.0096720495,58462877.25,26.3304265946,328634120.89,33.1833436932,702369991.61,63631252.08,151.1157406897,6675926.39,-44.8190922055,793798393.02,4.5026440976,8.2378636914,12.7942450785,171.1375565726,46.9445818282,,,,,,,,,,,,,,,,,,,,,,,,
300819.SZ,300819,016010,10947275,聚杰微纤,纺织服装,cyb,058001001,069001002002,002,001,2,2020-03-02 00:00:00,2019-06-30 00:00:00,617097668.64,285168052.88,63590392.59,-50.1322397946,117773101.7,,93259313.69,27.5071894421,183320474.39,43029758.58,,610917.7,-21.7936711829,433777194.25,16.6269258559,25.2383378167,51.7517030316,157.0969997396,29.706881699,,,,,,,,,,,,,,,,,,,,,,,,
688086.SH,688086,016061,10493836,紫晶存储,专用设备,kcb,058001001,069001001006,002,001,2,2020-02-21 00:00:00,2019-06-30 00:00:00,1200229061.58,122074510.45,356139606.71,,389706792.15,,77458184.78,,422895473.46,49587139.26,,939022.44,,777333588.12,,,,293.6924522596,35.2345637176,,,,,,,,,,,,,,,,,,,,,,,,
300382.SZ,300382,016043,10182021,斯莱克,机械行业,cyb,058001001,069001002002,002,001,2,2020-02-21 00:00:00,2019-06-30 00:00:00,1862747924.59,278426129.05,242297495.21,90.9890823864,406332358.51,7.0836504653,580326140.39,21.8975673613,873502009.06,142449342.43,11.1792275853,101565224.26,-27.5950168284,989245915.53,0.3971078448,19.2726142501,51.5382319062,166.1069922466,46.8931945933,,,,,,,,,,,,,,,,,,,,,,,,
688396.SH,688396,016022,10008990,华润微,电子元件,kcb,058001001,069001001006,002,001,2,2020-02-18 00:00:00,2019-06-30 00:00:00,9530420425.36,3671770861.18,2338721923.51,,759559426.52,,1086413597.96,,3433427095.95,675724787.53,,117572745.68,,6096993329.41,,,,268.1329828759,36.0259772676,,,,,,,,,,,,,,,,,,,,,,,,
688233.SH,688233,016040,10000016117,神工股份,材料行业,kcb,058001001,069001001006,002,001,2,2020-02-17 00:00:00,2019-06-30 00:00:00,380543046.69,144217642.73,71530750.5,,20629032.03,,59977650.18,,28255687.93,17689067.5,,69250,,352287358.76,,,,1014.5087867166,7.4250963658,,,,,,,,,,,,,,,,,,,,,,,,
688177.SH,688177,016024,10000015716,百奥泰,医药制造,kcb,058001001,069001001006,002,001,2,2020-02-17 00:00:00,2019-06-30 00:00:00,1185377081.52,330358123.82,214166118.76,,,,39799961.47,,247154659.41,131321170.99,,6770916.4,,938222422.11,,,,142.8881838689,20.8502984631,,,,,,,,,,,,,,,,,,,,,,,,
688169.SH,688169,016019,10000016089,石头科技,家电行业,kcb,058001001,069001001006,002,001,2,2020-02-17 00:00:00,2019-06-30 00:00:00,1912527379,61294860,231986853,,444668180,,310102111,,826077146,694337228,,14667530,,1086450233,,,,220.3350064596,43.192957919,,,,,,,,,,,,,,,,,,,,,,,,
688200.SH,688200,016061,10000015721,华峰测控,专用设备,kcb,058001001,069001001006,002,001,2,2020-02-13 00:00:00,2019-06-30 00:00:00,399518157.7,16768630.35,220369832.11,,64972104.86,,40673127.7,,35510145.01,3862731.48,,14844019.87,,364008012.69,,,,1001.7580383857,8.8882430812,,,,,,,,,,,,,,,,,,,,,,,,
688090.SH,688090,016061,10540975,瑞松科技,专用设备,kcb,058001001,069001001006,002,001,2,2020-02-11 00:00:00,2019-06-30 00:00:00,1120258604.09,227973734.01,109904076.23,,212103184.57,,361687883.68,,622070257.07,122418216.87,,23051486.98,,498188347.02,,,,181.0127667689,55.5291657479,,,,,,,,,,,,,,,,,,,,,,,,
688398.SH,688398,016040,10460516,赛特新材,材料行业,kcb,058001001,069001001006,002,001,2,2020-02-05 00:00:00,2019-06-30 00:00:00,474190116.8,171435419.59,26509567.63,,102115415.1,,55951263.18,,184922381.37,51610475.34,,431896.79,,289267735.43,,,,165.3545644659,38.9975191001,,,,,,,,,,,,,,,,,,,,,,,,
688080.SH,688080,016061,10378531,映翰通,专用设备,kcb,058001001,069001001006,002,001,2,2020-02-05 00:00:00,2019-06-30 00:00:00,355951838.42,2367613.19,99599434.26,12.2486200865,120012491.85,,65802480.47,-10.761317984,76341469.23,57308857.49,,4172295.4,-75.3306930072,279610369.19,23.8734018723,17.584898595,-0.8504993732,422.8283534356,21.4471344126,,,,,,,,,,,,,,,,,,,,,,,,
603949.SH,603949,016035,10631046,雪龙集团,汽车行业,shzb,058001001,069001001001,002,001,2,2020-02-05 00:00:00,2019-06-30 00:00:00,448793190.32,141625885.47,14677823.23,,126998523.22,,55432903.02,,70145854.56,16713095.23,,662350.47,,378647335.76,,,,604.8969599571,15.6298838915,,,,,,,,,,,,,,,,,,,,,,,,
300817.SZ,300817,016043,10195230,双飞股份,机械行业,cyb,058001001,069001002002,002,001,2,2020-02-05 00:00:00,2019-06-30 00:00:00,590537290.7,223859369.12,34340310.61,63.5031276387,137587133.17,,64154789.07,-16.7037430101,132874785.7,29101568.55,,1943623.66,-0.8280749832,457662505,13.1117232423,0.791457966,-26.7055890063,214.2124358276,22.5006596184,,,,,,,,,,,,,,,,,,,,,,,,
688186.SH,688186,016059,10654782,广大特材,金属制品,kcb,058001001,069001001006,002,001,2,2020-02-04 00:00:00,2019-06-30 00:00:00,2401992454.27,622408619.61,117489149.51,,392121720.84,,639363146.39,,1459999554.59,637215090.85,,23689939.89,,941992899.68,,,,108.5297160976,60.7828535012,,,,,,,,,,,,,,,,,,,,,,,,
601696.SH,601696,016027,10004926,中银证券,券商信托,shzb,058001001,069001001001,002,001,2,2020-01-31 00:00:00,2019-06-30 00:00:00,51307186790.05,67621992.02,17524467788.96,41.3862644261,3247128378.32,513.7347882803,,,38836110434.54,246927039.14,-14.7170275663,,,12471076355.51,4.8693900193,6.867681662,7.5256277785,,75.6933148439,,,,,,,,,,,2867772931.61,26.9045624524,2273942732.16,-5.5230782869,300000000,-85,13885715747.18,22.4690195122,,,,,,
300820.SZ,300820,016061,10181954,英杰电气,专用设备,cyb,058001001,069001002002,002,001,2,2020-01-31 00:00:00,2019-06-30 00:00:00,736130042.98,46224176.85,173236955.77,77.4114075494,88651950.96,,236374474.07,-23.1281761857,253678437.25,40182045.65,,199666953.15,-17.1628103306,482451605.73,27.8075301686,2.9697161192,-24.8174465416,268.6847357016,34.4610900844,,,,,,,,,,,,,,,,,,,,,,,,
000038.SZ,000038,016037,10004122,深大通,国际贸易,szzb,058001001,069001002001,002,001,2,2020-01-23 00:00:00,2019-06-30 00:00:00,3010605956.85,47452773.37,1328827782.01,-27.1358770707,517277799.44,-39.9872670475,111430901.93,212.4097896839,370273481.78,237847207.29,42.7752315774,45754982.8,-49.7779425875,2640332475.07,-50.1930436635,-46.974570495,-1.6622768853,673.3667525797,12.2989686159,,,,,,,,,,,,,,,,,,,,,,,,
688298.SH,688298,016047,10000015557,东方生物,医疗行业,kcb,058001001,069001001006,002,001,2,2020-01-22 00:00:00,2019-06-30 00:00:00,318239116.65,47611984.61,66892692.88,,80328917.3,,71371758.05,,110676200.53,34527801.38,,3799418.56,,207562916.12,,,,217.9689715634,34.777685941,,,,,,,,,,,,,,,,,,,,,,,,
300818.SZ,300818,016061,10489265,耐普矿机,专用设备,cyb,058001001,069001002002,002,001,2,2020-01-22 00:00:00,2019-06-30 00:00:00,601321017.82,171335576.64,181408992.71,,81389248.38,,98202124.1,,119464918.83,59213038.66,,4066266.18,,481856098.99,,,,334.5316110732,19.8670785304,,,,,,,,,,,,,,,,,,,,,,,,
603719.SH,603719,016012,10184095,良品铺子,食品饮料,shzb,058001001,069001001001,002,001,2,2020-01-21 00:00:00,2019-06-30 00:00:00,3052068372.29,536007252.12,1292635994.03,332.9639676515,166910130.29,,465247659.31,10.4823057426,1739142666.52,622857961.47,,119972695.1,9.8955298495,1312925705.77,35.4855511277,11.2155476349,-2.0328209178,129.7739582821,56.9824281235,,,,,,,,,,,,,,,,,,,,,,,,
688266.SH,688266,016024,10292682,泽Z制药,医药制造,kcb,058001001,069001001006,002,001,2,2020-01-20 00:00:00,2019-06-30 00:00:00,376578052.29,57952016.85,88892720.2,,,,2947438.79,,198264913.23,,,323000,,178313139.06,,,,147.7044958701,52.6490888209,,,,,,,,,,,,,,,,,,,,,,,,
688159.SH,688159,016015,10494296,有方科技,通讯行业,kcb,058001001,069001001006,002,001,2,2020-01-20 00:00:00,2019-06-30 00:00:00,807669087.53,4993252.89,116696128.11,,,,113213527.05,,329672003.63,,,7114446.01,,477997083.9,,,,241.740875188,40.8177072417,,,,,,,,,,,,,,,,,,,,,,,,
600198.SH,600198,016015,10002409,大唐电信,通讯行业,shzb,058001001,069001001001,002,001,2,2020-01-20 00:00:00,2019-06-30 00:00:00,6642790604.72,521571188.99,629441372.65,-6.46649807,1089255393.2,-16.8258116062,534348868.04,-18.5165344937,6374380239.15,926399038.82,-8.8959352068,167040103.27,-60.090227635,268410365.57,179.8711826852,-12.2553883862,-19.3795137756,76.8225209777,95.9593733787,,,,,,,,,,,,,,,,,,,,,,,,
688208.SH,688208,016035,10495173,道通科技,汽车行业,kcb,058001001,069001001006,002,001,2,2020-01-17 00:00:00,2019-06-30 00:00:00,1359978459.38,167234528.59,269772947.99,,205861900.41,,330995704.77,,385140078.23,145763504.93,,6522404.38,,974838381.15,,,,382.9326237386,28.3195719442,,,,,,,,,,,,,,,,,,,,,,,,
688026.SH,688026,016018,10483766,洁特生物,塑胶制品,kcb,058001001,069001001006,002,001,2,2020-01-17 00:00:00,2019-06-30 00:00:00,347169981.98,112209600.16,45612007.39,,53727863.53,,36610601.84,,40886454.27,16536334.21,,3213551.37,,306283527.71,,,,556.5543304865,11.7770707124,,,,,,,,,,,,,,,,,,,,,,,,
603893.SH,603893,016022,10543151,瑞芯微,电子元件,shzb,058001001,069001001001,002,001,2,2020-01-17 00:00:00,2019-06-30 00:00:00,1748761664.05,26672227.84,1113639602.24,60.9378648388,104382665.05,,294627398.73,-6.4517649057,171609990.39,127504107,,3255299.23,126.1994102707,1577151673.66,15.1670101228,12.7566658048,-5.4328868927,1060.2128385677,9.8132292077,,,,,,,,,,,,,,,,,,,,,,,,
605318.SH,605318,016045,10999468,法狮龙,装修装饰,shzb,058001001,069001001001,002,001,2,2020-01-16 00:00:00,2019-06-30 00:00:00,513470395.63,88321290.06,194106518.43,,13104374.45,,79796831.55,,154828140.34,91741830.05,,24691408.68,,358642255.29,,,,220.4744685991,30.1532749809,,,,,,,,,,,,,,,,,,,,,,,,
605018.SH,605018,016035,10000015919,长华股份,汽车行业,shzb,058001001,069001001001,002,001,2,2020-01-16 00:00:00,2019-06-30 00:00:00,1729516633.07,491272842.83,176618735.31,,186297222.49,,251163426.15,,458687818.08,157759018.47,,1399765.05,,1270828814.99,,,,173.1891572199,26.5211567966,,,,,,,,,,,,,,,,,,,,,,,,
300816.SZ,300816,016048,10261652,艾可蓝,环保工程,cyb,058001001,069001002002,002,001,2,2020-01-15 00:00:00,2019-06-30 00:00:00,478293558.64,59979463.93,65672231.37,26.1354511995,162272320.2,,58796650.14,-32.857054397,230559526.11,79242696.97,,5991219.31,746.7469205248,247734032.53,57.6654320406,12.0293576376,-14.5472917418,230.9716585788,48.2046061347,,,,,,,,,,,,,,,,,,,,,,,,
688158.SH,688158,016014,10427288,优刻得,电子信息,kcb,058001001,069001001006,002,001,2,2020-01-14 00:00:00,2019-06-30 00:00:00,2132575802.89,876436843.1,870776049.83,,232526515.01,,25704925.72,,401824315.79,227139452.56,,110068449.78,,1730751487.1,,,,329.2248746568,18.8422055265,,,,,,,,,,,,,,,,,,,,,,,,
605199.SH,605199,016024,10414368,葫芦娃,医药制造,shzb,058001001,069001001001,002,001,2,2020-01-14 00:00:00,2019-06-30 00:00:00,1120375951.2,405976894.93,151568529.77,,131706425.15,,186398438.33,,475123389.46,177077885.36,,65462714.48,,645252561.74,,,,147.9882116196,42.4074962472,,,,,,,,,,,,,,,,,,,,,,,,
603290.SH,603290,016022,10195205,斯达半导,电子元件,shzb,058001001,069001001001,002,001,2,2020-01-14 00:00:00,2019-06-30 00:00:00,828669158.5,220677725.06,29595251.85,-34.4725083103,189569761.91,,187595101.64,57.137037604,343359183.54,94320804.64,,1276750.8,-40.2657739325,485309974.96,27.4621791433,16.3012124424,3.492646294,219.8348881721,41.4350142054,,,,,,,,,,,,,,,,,,,,,,,,
600400.SH,600400,016010,10002571,红豆股份,纺织服装,shzb,058001001,069001001001,002,001,2,2020-01-14 00:00:00,2019-06-30 00:00:00,5404422853.84,473037206.22,943958317.84,-7.0772387076,343443969.55,41.0180067314,221132263.86,3.6557254315,1216702974.25,341290985.42,13.4411479311,22760081.15,-63.049328731,4187719879.59,-3.6633991461,4.8128137556,50.3411018602,185.641831366,22.5130972752,,,,,,,,,,,,,,,,,,,,,,,,
003005.SZ,003005,016057,10000015723,竞业达,软件服务,zxb,058001001,069001002003,002,001,2,2020-01-14 00:00:00,2019-06-30 00:00:00,847970481.8,4816836.18,65142285.25,,227744594.06,,177348308.95,,436493104.08,191232380.2,,94383633.55,,411477377.72,,,,160.9227704423,51.4750352104,,,,,,,,,,,,,,,,,,,,,,,,
002975.SZ,002975,016061,10998225,博杰股份,专用设备,zxb,058001001,069001002003,002,001,2,2020-01-14 00:00:00,2019-06-30 00:00:00,660209801.71,42486613.37,76622728.62,26.3592941798,254927455.42,,152948830.44,17.087009297,195590677.74,101390804.65,,10025575.41,58.7232972186,464619123.97,42.0864480245,29.9146683184,7.9479678957,276.995733122,29.6255337672,,,,,,,,,,,,,,,,,,,,,,,,
688278.SH,688278,016024,10034138,特宝生物,医药制造,kcb,058001001,069001001006,002,001,2,2020-01-13 00:00:00,2019-06-30 00:00:00,718548727.76,62661185.28,157170237.63,,128665107.52,,63871452.12,,203742012.31,12035266.69,,3449379.88,,514806715.45,,,,324.8073056572,28.3546549369,,,,,,,,,,,,,,,,,,,,,,,,
688228.SH,688228,016057,10586312,开普云,软件服务,kcb,058001001,069001001006,002,001,2,2020-01-13 00:00:00,2019-06-30 00:00:00,260583970.35,1327931.12,68974409.49,2.1574911386,35207442.46,,58262636.8,26.5052562095,97600446.21,9640385.25,,75920935.18,-1.3052283739,162983524.14,13.0139560502,9.4812726321,4.0499402842,220.6787364851,37.4545088399,,,,,,,,,,,,,,,,,,,,,,,,
688100.SH,688100,016014,10301917,威胜信息,电子信息,kcb,058001001,069001001006,002,001,2,2020-01-13 00:00:00,2019-06-30 00:00:00,2067133543.28,213661535.68,704918411.32,,759730555.28,,113273259.12,,615732119.94,441192160.9,,19083069.24,,1451401423.34,,,,270.9224508446,29.7867606058,,,,,,,,,,,,,,,,,,,,,,,,
300815.SZ,300815,016006,10522688,玉禾田,公用事业,cyb,058001001,069001002002,002,001,2,2020-01-13 00:00:00,2019-06-30 00:00:00,2424716207.34,549398828.27,357164064.58,6.7783308502,790038174.62,,9597068.59,308.425954474,1538115258.23,245976613.25,,4121183.7,228854.65,886600949.11,35.7437171697,24.9161313938,19.4251858997,112.7364634907,63.4348569772,,,,,,,,,,,,,,,,,,,,,,,,
605111.SH,605111,016022,10312512,新洁能,电子元件,shzb,058001001,069001001001,002,001,2,2020-01-10 00:00:00,2019-06-30 00:00:00,663806046.45,95504807.03,223786430.06,-19.8731149585,81784024.48,,107890661.5,55.4779419923,152964736.56,93114386.43,,2216928.39,-58.7977145683,510841309.89,17.3602489876,22.2445824145,41.9778794472,365.7754078139,23.0435889185,,,,,,,,,,,,,,,,,,,,,,,,
300882.SZ,300882,016021,10000015571,万胜智能,仪器仪表,cyb,058001001,069001002002,002,001,2,2020-01-10 00:00:00,2019-06-30 00:00:00,644613658.72,44148949.04,197263492.17,,285102290.1,,41051769.96,,300063537.7,173585398.29,,1799620.02,,344550121.02,,,,190.5814959531,46.5493607901,,,,,,,,,,,,,,,,,,,,,,,,
300870.SZ,300870,016022,10000016147,欧陆通,电子元件,cyb,058001001,069001002002,002,001,2,2020-01-10 00:00:00,2019-06-30 00:00:00,753231444.01,132612511.28,85890413.42,,332362482.48,,120241609.47,,370822954.04,284981302,,1715871.66,,382408489.97,,,,154.0392030594,49.2309444845,,,,,,,,,,,,,,,,,,,,,,,,
603976.SH,603976,016047,10532667,正川股份,医疗行业,shzb,058001001,069001001001,002,001,2,2020-01-09 00:00:00,2019-06-30 00:00:00,1185176584.04,308554279.2,385769850.64,3.2362189281,142676288.18,5.1823501702,143275405.32,68.8290063627,178280191.25,98180666.42,29.6551874886,711243.36,-59.3242741799,1006896392.79,5.8579478188,12.2573377361,70.4552037081,446.8455341226,15.0425003034,,,,,,,,,,,,,,,,,,,,,,,,
688566.SH,688566,016024,10000015525,吉贝尔,医药制造,kcb,058001001,069001001006,002,001,2,2020-01-08 00:00:00,2019-06-30 00:00:00,524068143.63,114752112.44,117737751.18,,96840030.6,,30107678.12,,117869516.15,29269393.1,,1125933.89,,406198627.48,,,,516.0271877563,22.4912575936,,,,,,,,,,,,,,,,,,,,,,,,
688518.SH,688518,016061,10202018,联赢激光,专用设备,kcb,058001001,069001001006,002,001,2,2020-01-08 00:00:00,2019-06-30 00:00:00,1679524308.65,23113269.54,113483665.02,25.8290823921,340749608.13,,666769004.43,-24.3719771671,836588412.87,204067091.87,,413650343.84,-27.1136456112,842935895.78,10.6457572136,1.5300809512,-6.2520512623,190.3435339965,49.8110333123,,,,,,,,,,,,,,,,,,,,,,,,
688516.SH,688516,016061,10499902,奥特维,专用设备,kcb,058001001,069001001006,002,001,2,2020-01-08 00:00:00,2019-06-30 00:00:00,1134455275.77,21346307.74,92486367.24,,323783317.73,,470566736.51,,731931874.45,301566676.28,,176599313.56,,402523401.32,,,,147.4898243235,64.5183543224,,,,,,,,,,,,,,,,,,,,,,,,
688178.SH,688178,016048,10725805,万德斯,环保工程,kcb,058001001,069001001006,002,001,2,2020-01-08 00:00:00,2019-06-30 00:00:00,964898458.85,73924921.65,169157905.95,,260522258.9,,295576257.53,,476392883.26,226532928.51,,35631724.89,,488505575.59,,,,183.301630036,49.3723333155,,,,,,,,,,,,,,,,,,,,,,,,
603195.SH,603195,016020,10982007,公牛集团,输配电气,shzb,058001001,069001001001,002,001,2,2020-01-07 00:00:00,2019-06-30 00:00:00,6703695668.57,1168031549.99,953512914.04,,110453482.54,,687897107.98,,2389881797.26,1303143219.74,,433636230.32,,4313813871.31,,,,210.7053929517,35.6502131871,,,,,,,,,,,,,,,,,,,,,,,,
601077.SH,601077,016029,10141741,渝农商行,银行,shzb,058001001,069001001001,002,001,2,2020-01-06 00:00:00,2019-06-30 00:00:00,1019245195000,,,,,,,,943742707000,,,,,75502488000,12.0185305481,12.2272893604,12.2440243647,,92.5923135698,91214069000,-9.1185036565,396110961000,14.1227899178,,,25482983000,-10.0355367457,682853884000,8.373125573,13702436000,1108.3276895944,,,,,,,,,,,,
688360.SH,688360,016043,10399546,德马科技,机械行业,kcb,058001001,069001001006,002,001,2,2020-01-03 00:00:00,2019-06-30 00:00:00,756149808.74,119251137.23,130201477.19,,195312840.56,,222774274.98,,444280644.51,190565263.27,,129460335.62,,311869164.23,,,,146.9026030566,58.7556380197,,,,,,,,,,,,,,,,,,,,,,,,
688189.SH,688189,016024,10000015591,南新制药,医药制造,kcb,058001001,069001001006,002,001,2,2020-01-03 00:00:00,2019-06-30 00:00:00,729687405.72,250995701.81,202937822.09,,86316695.91,,33580210.97,,434450698.11,29690159.82,,26239480.11,,295236707.61,,,,114.7198468801,59.5392896608,,,,,,,,,,,,,,,,,,,,,,,,
300902.SZ,300902,016061,10399120,国安达,专用设备,cyb,058001001,069001002002,002,001,2,2020-01-03 00:00:00,2019-06-30 00:00:00,339422796.49,104016651.52,14860477.76,-20.284791889,97310673.77,,40258257.23,21.6571216197,56513538.84,21476558.51,,1106953.85,-4.0036225531,282909257.65,2.7418176746,5.1241074575,18.9288826158,375.7499229606,16.6498948876,,,,,,,,,,,,,,,,,,,,,,,,
300888.SZ,300888,016061,10521856,稳健医疗,专用设备,cyb,058001001,069001002002,002,001,2,2020-01-03 00:00:00,2019-06-30 00:00:00,4011241173.28,1037924251.38,395291987.34,,401368354.42,,785772188.94,,1164682299.26,378430175.49,,25508122.01,,2846558874.02,,,,187.1740399698,29.0354593241,,,,,,,,,,,,,,,,,,,,,,,,
002671.SZ,002671,016004,10198198,龙泉股份,水泥建材,zxb,058001001,069001002003,002,001,2,2020-01-03 00:00:00,2019-06-30 00:00:00,3270885638.81,915843311.61,337392117.34,71.5312718751,909157292.85,-17.2325424585,299163886.75,-33.9968191114,1282493261.38,177391662.56,-33.4442640955,272445281.01,-3.3401276888,1988392377.43,-6.8000284813,-8.4811286807,-10.970885171,139.5076177168,39.2093580455,,,,,,,,,,,,,,,,,,,,,,,,
688559.SH,688559,016061,10772419,海目星,专用设备,kcb,058001001,069001001006,002,001,2,2019-12-31 00:00:00,2019-06-30 00:00:00,1851103312,99276116.57,189565634.4,,365162300.73,,565723927.61,,1284649966.99,307430055.47,,279813724.18,,566453345.01,,,,159.8841129356,69.3991501534,,,,,,,,,,,,,,,,,,,,,,,,
688181.SH,688181,016040,10376700,八亿时空,材料行业,kcb,058001001,069001001006,002,001,2,2019-12-31 00:00:00,2019-06-30 00:00:00,655975823.17,299278103.18,34146928.22,73.8388900696,124808509.28,,120457958.17,34.3129732046,134687261.59,59141408.9,,8876832.63,88.0694107389,521288561.58,7.0692773509,0.9309733624,-17.3975722609,295.9205405973,20.5323514728,,,,,,,,,,,,,,,,,,,,,,,,
603551.SH,603551,016019,10738401,奥普家居,家电行业,shzb,058001001,069001001001,002,001,2,2019-12-31 00:00:00,2019-06-30 00:00:00,1803353058.66,172052509.14,706633130.23,-12.0898201301,75668855.05,,178248886.89,2.0179232134,688320459.88,241926969.92,,76555011.46,47.6391426381,1115032598.78,20.8510348184,6.4787521146,-10.7209798314,175.094916449,38.1689240814,,,,,,,,,,,,,,,,,,,,,,,,
300813.SZ,300813,016024,10465927,泰林生物,医药制造,cyb,058001001,069001002002,002,001,2,2019-12-31 00:00:00,2019-06-30 00:00:00,245743230.9,88191470.55,26051850.85,,36537516.15,,53249930.38,,34690785.93,12681779.44,,11258596.28,,211052444.97,,,,385.6114234769,14.1166801637,,,,,,,,,,,,,,,,,,,,,,,,
688081.SH,688081,016015,10622920,兴图新科,通讯行业,kcb,058001001,069001001006,002,001,2,2019-12-30 00:00:00,2019-06-30 00:00:00,248306623.25,8078543.64,35739511.88,,131250581.63,,34996652.13,,52403952.99,15334822.58,,4211593.16,,195902670.26,,,,445.9699059813,21.1045328973,,,,,,,,,,,,,,,,,,,,,,,,
688056.SH,688056,016021,10506155,莱伯泰科,仪器仪表,kcb,058001001,069001001006,002,001,2,2019-12-30 00:00:00,2019-06-30 00:00:00,397922324.29,46173974.6,142439456.95,,45597057.36,,102659215.83,,108294126.77,25878029.25,,54618500.8,,289628197.52,,,,304.8786945026,27.2148909874,,,,,,,,,,,,,,,,,,,,,,,,
688599.SH,688599,016022,10147622,天合光能,电子元件,kcb,058001001,069001001006,002,001,2,2019-12-27 00:00:00,2019-06-30 00:00:00,32739742896.21,6926164751.46,4636010065.51,,4969890913.28,,5660546058.64,,20710832790.08,4153180294.88,,822874628.81,,12028910106.13,,,,111.32094411,63.2589964305,,,,,,,,,,,,,,,,,,,,,,,,
688585.SH,688585,016040,10000043516,上纬新材,材料行业,kcb,058001001,069001001006,002,001,2,2019-12-27 00:00:00,2019-06-30 00:00:00,1241920604.42,197098917.75,104616186.31,,388333794.04,,108269251.83,,424268521.82,279824348.36,,,,817652082.6,,,,234.9366649461,34.1622902712,,,,,,,,,,,,,,,,,,,,,,,,
688556.SH,688556,016061,10483287,高测股份,专用设备,kcb,058001001,069001001006,002,001,2,2019-12-27 00:00:00,2019-06-30 00:00:00,934912033.07,152095778.86,127438268,860.743044306,199888993.18,,258165457.68,6.1234472553,599270103.64,266082674.87,,83561033.62,44.4518341984,335641929.43,68.146501841,37.5727078037,24.8573334345,123.0968048663,64.0990898012,,,,,,,,,,,,,,,,,,,,,,,,
688393.SH,688393,016047,10166140,安必平,医疗行业,kcb,058001001,069001001006,002,001,2,2019-12-27 00:00:00,2019-06-30 00:00:00,498229008.26,52591067.01,75985952.12,,164721723.22,,23929824.92,,95012039.55,27104201.7,,3839231.07,,403216968.71,,,,553.9668734106,19.0699533698,,,,,,,,,,,,,,,,,,,,,,,,
